run_id,system,dataset,condition,metric,value,numerator,denominator,ci_lower,ci_upper,ci_method
claimledger-realtalk-realtalk_memory_probes-seed2,claimledger,realtalk_memory_probes,mechanism,exact_active_count_accuracy,1.0,2387,2387,1.0,1.0,conversation-clustered bootstrap; seed=2
claimledger-realtalk-realtalk_memory_probes-seed2,claimledger,realtalk_memory_probes,mechanism,conflict_disclosure_rate,1.0,726,726,1.0,1.0,conversation-clustered bootstrap; seed=2
claimledger-realtalk-realtalk_memory_probes-seed2,claimledger,realtalk_memory_probes,mechanism,poison_activation_rate,0.0,0,726,0.0,0.0,conversation-clustered bootstrap; seed=2
claimledger-realtalk-realtalk_memory_probes-seed2,claimledger,realtalk_memory_probes,mechanism,abstention_correctness,1.0,726,726,1.0,1.0,conversation-clustered bootstrap; seed=2
claimledger-realtalk-realtalk_memory_probes-seed2,claimledger,realtalk_memory_probes,mechanism,temporal_validity_accuracy,1.0,209,209,1.0,1.0,conversation-clustered bootstrap; seed=2
claimledger-realtalk-realtalk_memory_probes-seed2,naive,realtalk_memory_probes,mechanism,exact_active_count_accuracy,0.391705069124424,935,2387,0.3683936474876334,0.4629294755877034,conversation-clustered bootstrap; seed=2
claimledger-realtalk-realtalk_memory_probes-seed2,naive,realtalk_memory_probes,mechanism,conflict_disclosure_rate,0.0,0,726,0.0,0.0,conversation-clustered bootstrap; seed=2
claimledger-realtalk-realtalk_memory_probes-seed2,naive,realtalk_memory_probes,mechanism,poison_activation_rate,1.0,726,726,1.0,1.0,conversation-clustered bootstrap; seed=2
claimledger-realtalk-realtalk_memory_probes-seed2,naive,realtalk_memory_probes,mechanism,abstention_correctness,0.0,0,726,0.0,0.0,conversation-clustered bootstrap; seed=2
claimledger-realtalk-realtalk_memory_probes-seed2,naive,realtalk_memory_probes,mechanism,temporal_validity_accuracy,1.0,209,209,1.0,1.0,conversation-clustered bootstrap; seed=2
claimledger-realtalk-realtalk_memory_probes-seed2,recency_memory,realtalk_memory_probes,mechanism,exact_active_count_accuracy,0.391705069124424,935,2387,0.3683936474876334,0.4629294755877034,conversation-clustered bootstrap; seed=2
claimledger-realtalk-realtalk_memory_probes-seed2,recency_memory,realtalk_memory_probes,mechanism,conflict_disclosure_rate,0.0,0,726,0.0,0.0,conversation-clustered bootstrap; seed=2
claimledger-realtalk-realtalk_memory_probes-seed2,recency_memory,realtalk_memory_probes,mechanism,poison_activation_rate,1.0,726,726,1.0,1.0,conversation-clustered bootstrap; seed=2
claimledger-realtalk-realtalk_memory_probes-seed2,recency_memory,realtalk_memory_probes,mechanism,abstention_correctness,0.0,0,726,0.0,0.0,conversation-clustered bootstrap; seed=2
claimledger-realtalk-realtalk_memory_probes-seed2,recency_memory,realtalk_memory_probes,mechanism,temporal_validity_accuracy,1.0,209,209,1.0,1.0,conversation-clustered bootstrap; seed=2
claimledger-realtalk-realtalk_memory_probes-seed2,summary_memory,realtalk_memory_probes,mechanism,exact_active_count_accuracy,0.30414746543778803,726,2387,0.26853526220614826,0.3158168574401665,conversation-clustered bootstrap; seed=2
claimledger-realtalk-realtalk_memory_probes-seed2,summary_memory,realtalk_memory_probes,mechanism,conflict_disclosure_rate,0.0,0,726,0.0,0.0,conversation-clustered bootstrap; seed=2
claimledger-realtalk-realtalk_memory_probes-seed2,summary_memory,realtalk_memory_probes,mechanism,poison_activation_rate,1.0,726,726,1.0,1.0,conversation-clustered bootstrap; seed=2
claimledger-realtalk-realtalk_memory_probes-seed2,summary_memory,realtalk_memory_probes,mechanism,abstention_correctness,0.0,0,726,0.0,0.0,conversation-clustered bootstrap; seed=2
claimledger-realtalk-realtalk_memory_probes-seed2,summary_memory,realtalk_memory_probes,mechanism,temporal_validity_accuracy,0.0,0,209,0.0,0.0,conversation-clustered bootstrap; seed=2
claimledger-realtalk-realtalk_memory_probes-seed2,vector_rag,realtalk_memory_probes,mechanism,exact_active_count_accuracy,0.30414746543778803,726,2387,0.26853526220614826,0.3158168574401665,conversation-clustered bootstrap; seed=2
claimledger-realtalk-realtalk_memory_probes-seed2,vector_rag,realtalk_memory_probes,mechanism,conflict_disclosure_rate,0.0,0,726,0.0,0.0,conversation-clustered bootstrap; seed=2
claimledger-realtalk-realtalk_memory_probes-seed2,vector_rag,realtalk_memory_probes,mechanism,poison_activation_rate,1.0,726,726,1.0,1.0,conversation-clustered bootstrap; seed=2
claimledger-realtalk-realtalk_memory_probes-seed2,vector_rag,realtalk_memory_probes,mechanism,abstention_correctness,0.0,0,726,0.0,0.0,conversation-clustered bootstrap; seed=2
claimledger-realtalk-realtalk_memory_probes-seed2,vector_rag,realtalk_memory_probes,mechanism,temporal_validity_accuracy,0.0,0,209,0.0,0.0,conversation-clustered bootstrap; seed=2
claimledger-realtalk-realtalk_memory_probes-seed2,structured_fact_store,realtalk_memory_probes,mechanism,exact_active_count_accuracy,0.391705069124424,935,2387,0.3683936474876334,0.4629294755877034,conversation-clustered bootstrap; seed=2
claimledger-realtalk-realtalk_memory_probes-seed2,structured_fact_store,realtalk_memory_probes,mechanism,conflict_disclosure_rate,0.0,0,726,0.0,0.0,conversation-clustered bootstrap; seed=2
claimledger-realtalk-realtalk_memory_probes-seed2,structured_fact_store,realtalk_memory_probes,mechanism,poison_activation_rate,1.0,726,726,1.0,1.0,conversation-clustered bootstrap; seed=2
claimledger-realtalk-realtalk_memory_probes-seed2,structured_fact_store,realtalk_memory_probes,mechanism,abstention_correctness,0.0,0,726,0.0,0.0,conversation-clustered bootstrap; seed=2
claimledger-realtalk-realtalk_memory_probes-seed2,structured_fact_store,realtalk_memory_probes,mechanism,temporal_validity_accuracy,1.0,209,209,1.0,1.0,conversation-clustered bootstrap; seed=2
claimledger-realtalk-realtalk_memory_probes-seed2,temporal_only,realtalk_memory_probes,mechanism,exact_active_count_accuracy,0.391705069124424,935,2387,0.3683936474876334,0.4629294755877034,conversation-clustered bootstrap; seed=2
claimledger-realtalk-realtalk_memory_probes-seed2,temporal_only,realtalk_memory_probes,mechanism,conflict_disclosure_rate,0.0,0,726,0.0,0.0,conversation-clustered bootstrap; seed=2
claimledger-realtalk-realtalk_memory_probes-seed2,temporal_only,realtalk_memory_probes,mechanism,poison_activation_rate,1.0,726,726,1.0,1.0,conversation-clustered bootstrap; seed=2
claimledger-realtalk-realtalk_memory_probes-seed2,temporal_only,realtalk_memory_probes,mechanism,abstention_correctness,0.0,0,726,0.0,0.0,conversation-clustered bootstrap; seed=2
claimledger-realtalk-realtalk_memory_probes-seed2,temporal_only,realtalk_memory_probes,mechanism,temporal_validity_accuracy,1.0,209,209,1.0,1.0,conversation-clustered bootstrap; seed=2
claimledger-realtalk-realtalk_memory_probes-seed2,provenance_only,realtalk_memory_probes,mechanism,exact_active_count_accuracy,0.30414746543778803,726,2387,0.26853526220614826,0.3158168574401665,conversation-clustered bootstrap; seed=2
claimledger-realtalk-realtalk_memory_probes-seed2,provenance_only,realtalk_memory_probes,mechanism,conflict_disclosure_rate,0.0,0,726,0.0,0.0,conversation-clustered bootstrap; seed=2
claimledger-realtalk-realtalk_memory_probes-seed2,provenance_only,realtalk_memory_probes,mechanism,poison_activation_rate,1.0,726,726,1.0,1.0,conversation-clustered bootstrap; seed=2
claimledger-realtalk-realtalk_memory_probes-seed2,provenance_only,realtalk_memory_probes,mechanism,abstention_correctness,0.0,0,726,0.0,0.0,conversation-clustered bootstrap; seed=2
claimledger-realtalk-realtalk_memory_probes-seed2,provenance_only,realtalk_memory_probes,mechanism,temporal_validity_accuracy,0.0,0,209,0.0,0.0,conversation-clustered bootstrap; seed=2
claimledger-realtalk-realtalk_memory_probes-seed2,no_conflict,realtalk_memory_probes,mechanism,exact_active_count_accuracy,0.695852534562212,1661,2387,0.6841968237438167,0.7314647377938517,conversation-clustered bootstrap; seed=2
claimledger-realtalk-realtalk_memory_probes-seed2,no_conflict,realtalk_memory_probes,mechanism,conflict_disclosure_rate,0.0,0,726,0.0,0.0,conversation-clustered bootstrap; seed=2
claimledger-realtalk-realtalk_memory_probes-seed2,no_conflict,realtalk_memory_probes,mechanism,poison_activation_rate,0.0,0,726,0.0,0.0,conversation-clustered bootstrap; seed=2
claimledger-realtalk-realtalk_memory_probes-seed2,no_conflict,realtalk_memory_probes,mechanism,abstention_correctness,0.0,0,726,0.0,0.0,conversation-clustered bootstrap; seed=2
claimledger-realtalk-realtalk_memory_probes-seed2,no_conflict,realtalk_memory_probes,mechanism,temporal_validity_accuracy,1.0,209,209,1.0,1.0,conversation-clustered bootstrap; seed=2
claimledger-realtalk-realtalk_memory_probes-seed2,no_temporal,realtalk_memory_probes,mechanism,exact_active_count_accuracy,0.9124423963133641,2178,2387,0.8056057866184448,0.9474505723204995,conversation-clustered bootstrap; seed=2
claimledger-realtalk-realtalk_memory_probes-seed2,no_temporal,realtalk_memory_probes,mechanism,conflict_disclosure_rate,1.0,726,726,1.0,1.0,conversation-clustered bootstrap; seed=2
claimledger-realtalk-realtalk_memory_probes-seed2,no_temporal,realtalk_memory_probes,mechanism,poison_activation_rate,0.0,0,726,0.0,0.0,conversation-clustered bootstrap; seed=2
claimledger-realtalk-realtalk_memory_probes-seed2,no_temporal,realtalk_memory_probes,mechanism,abstention_correctness,1.0,726,726,1.0,1.0,conversation-clustered bootstrap; seed=2
claimledger-realtalk-realtalk_memory_probes-seed2,no_temporal,realtalk_memory_probes,mechanism,temporal_validity_accuracy,0.0,0,209,0.0,0.0,conversation-clustered bootstrap; seed=2
claimledger-realtalk-realtalk_memory_probes-seed2,trust_only,realtalk_memory_probes,mechanism,exact_active_count_accuracy,0.695852534562212,1661,2387,0.6841968237438167,0.7314647377938517,conversation-clustered bootstrap; seed=2
claimledger-realtalk-realtalk_memory_probes-seed2,trust_only,realtalk_memory_probes,mechanism,conflict_disclosure_rate,0.0,0,726,0.0,0.0,conversation-clustered bootstrap; seed=2
claimledger-realtalk-realtalk_memory_probes-seed2,trust_only,realtalk_memory_probes,mechanism,poison_activation_rate,0.0,0,726,0.0,0.0,conversation-clustered bootstrap; seed=2
claimledger-realtalk-realtalk_memory_probes-seed2,trust_only,realtalk_memory_probes,mechanism,abstention_correctness,0.0,0,726,0.0,0.0,conversation-clustered bootstrap; seed=2
claimledger-realtalk-realtalk_memory_probes-seed2,trust_only,realtalk_memory_probes,mechanism,temporal_validity_accuracy,1.0,209,209,1.0,1.0,conversation-clustered bootstrap; seed=2
claimledger-realtalk-realtalk_memory_probes-seed2,no_ledger_oracle_labels,realtalk_memory_probes,mechanism,exact_active_count_accuracy,0.391705069124424,935,2387,0.3683936474876334,0.4629294755877034,conversation-clustered bootstrap; seed=2
claimledger-realtalk-realtalk_memory_probes-seed2,no_ledger_oracle_labels,realtalk_memory_probes,mechanism,conflict_disclosure_rate,0.0,0,726,0.0,0.0,conversation-clustered bootstrap; seed=2
claimledger-realtalk-realtalk_memory_probes-seed2,no_ledger_oracle_labels,realtalk_memory_probes,mechanism,poison_activation_rate,1.0,726,726,1.0,1.0,conversation-clustered bootstrap; seed=2
claimledger-realtalk-realtalk_memory_probes-seed2,no_ledger_oracle_labels,realtalk_memory_probes,mechanism,abstention_correctness,0.0,0,726,0.0,0.0,conversation-clustered bootstrap; seed=2
claimledger-realtalk-realtalk_memory_probes-seed2,no_ledger_oracle_labels,realtalk_memory_probes,mechanism,temporal_validity_accuracy,1.0,209,209,1.0,1.0,conversation-clustered bootstrap; seed=2
