system,conversation,numerator,denominator,accuracy
claimledger,Chat_10_Fahim_Muhhamed,822,822,1.0
claimledger,Chat_1_Emi_Elise,681,681,1.0
claimledger,Chat_2_Kevin_Elise,720,720,1.0
claimledger,Chat_3_Kevin_Paola,699,699,1.0
claimledger,Chat_4_Emi_Paola,687,687,1.0
claimledger,Chat_5_Nicolas_Nebraas,750,750,1.0
claimledger,Chat_6_Vanessa_Nicolas,702,702,1.0
claimledger,Chat_7_Nebraas_Vanessa,702,702,1.0
claimledger,Chat_8_Akib_Muhhamed,705,705,1.0
claimledger,Chat_9_Fahim_Akib,693,693,1.0
naive,Chat_10_Fahim_Muhhamed,312,822,0.3795620437956204
naive,Chat_1_Emi_Elise,261,681,0.3832599118942731
naive,Chat_2_Kevin_Elise,282,720,0.39166666666666666
naive,Chat_3_Kevin_Paola,273,699,0.3905579399141631
naive,Chat_4_Emi_Paola,267,687,0.388646288209607
naive,Chat_5_Nicolas_Nebraas,294,750,0.392
naive,Chat_6_Vanessa_Nicolas,282,702,0.4017094017094017
naive,Chat_7_Nebraas_Vanessa,282,702,0.4017094017094017
naive,Chat_8_Akib_Muhhamed,279,705,0.39574468085106385
naive,Chat_9_Fahim_Akib,273,693,0.3939393939393939
no_conflict,Chat_10_Fahim_Muhhamed,567,822,0.6897810218978102
no_conflict,Chat_1_Emi_Elise,471,681,0.6916299559471366
no_conflict,Chat_2_Kevin_Elise,501,720,0.6958333333333333
no_conflict,Chat_3_Kevin_Paola,486,699,0.6952789699570815
no_conflict,Chat_4_Emi_Paola,477,687,0.6943231441048034
no_conflict,Chat_5_Nicolas_Nebraas,522,750,0.696
no_conflict,Chat_6_Vanessa_Nicolas,492,702,0.7008547008547008
no_conflict,Chat_7_Nebraas_Vanessa,492,702,0.7008547008547008
no_conflict,Chat_8_Akib_Muhhamed,492,705,0.6978723404255319
no_conflict,Chat_9_Fahim_Akib,483,693,0.696969696969697
no_temporal,Chat_10_Fahim_Muhhamed,765,822,0.9306569343065694
no_temporal,Chat_1_Emi_Elise,630,681,0.9251101321585903
no_temporal,Chat_2_Kevin_Elise,657,720,0.9125
no_temporal,Chat_3_Kevin_Paola,639,699,0.9141630901287554
no_temporal,Chat_4_Emi_Paola,630,687,0.9170305676855895
no_temporal,Chat_5_Nicolas_Nebraas,684,750,0.912
no_temporal,Chat_6_Vanessa_Nicolas,630,702,0.8974358974358975
no_temporal,Chat_7_Nebraas_Vanessa,630,702,0.8974358974358975
no_temporal,Chat_8_Akib_Muhhamed,639,705,0.9063829787234042
no_temporal,Chat_9_Fahim_Akib,630,693,0.9090909090909091
trust_only,Chat_10_Fahim_Muhhamed,567,822,0.6897810218978102
trust_only,Chat_1_Emi_Elise,471,681,0.6916299559471366
trust_only,Chat_2_Kevin_Elise,501,720,0.6958333333333333
trust_only,Chat_3_Kevin_Paola,486,699,0.6952789699570815
trust_only,Chat_4_Emi_Paola,477,687,0.6943231441048034
trust_only,Chat_5_Nicolas_Nebraas,522,750,0.696
trust_only,Chat_6_Vanessa_Nicolas,492,702,0.7008547008547008
trust_only,Chat_7_Nebraas_Vanessa,492,702,0.7008547008547008
trust_only,Chat_8_Akib_Muhhamed,492,705,0.6978723404255319
trust_only,Chat_9_Fahim_Akib,483,693,0.696969696969697
no_ledger_oracle_labels,Chat_10_Fahim_Muhhamed,312,822,0.3795620437956204
no_ledger_oracle_labels,Chat_1_Emi_Elise,261,681,0.3832599118942731
no_ledger_oracle_labels,Chat_2_Kevin_Elise,282,720,0.39166666666666666
no_ledger_oracle_labels,Chat_3_Kevin_Paola,273,699,0.3905579399141631
no_ledger_oracle_labels,Chat_4_Emi_Paola,267,687,0.388646288209607
no_ledger_oracle_labels,Chat_5_Nicolas_Nebraas,294,750,0.392
no_ledger_oracle_labels,Chat_6_Vanessa_Nicolas,282,702,0.4017094017094017
no_ledger_oracle_labels,Chat_7_Nebraas_Vanessa,282,702,0.4017094017094017
no_ledger_oracle_labels,Chat_8_Akib_Muhhamed,279,705,0.39574468085106385
no_ledger_oracle_labels,Chat_9_Fahim_Akib,273,693,0.3939393939393939
