dataset,strategy,model,n,token_f1,exact_match,abstention_rate
locomo,claimledger,gemma3:4b,1986,0.1457968737483708,0.06596173212487412,0.0
locomo,claimledger,phi4-mini:latest,1986,0.17691669797808737,0.09013091641490432,0.0
locomo,claimledger,qwen3:4b,1986,0.1389261782213334,0.07301107754279959,0.0
locomo,full_context,gemma3:4b,1986,0.13576269364968133,0.04682779456193353,0.0
locomo,full_context,phi4-mini:latest,1986,0.15339281859623397,0.06042296072507553,0.0
locomo,full_context,qwen3:4b,1986,0.11295764581030761,0.045317220543806644,0.0
locomo,lexical,gemma3:4b,1986,0.1458209522493774,0.06596173212487412,0.0
locomo,lexical,phi4-mini:latest,1986,0.17575179656453466,0.0891238670694864,0.0
locomo,lexical,qwen3:4b,1986,0.1392524102859251,0.07401812688821752,0.0
locomo,recency,gemma3:4b,1986,0.025073897479653662,0.006042296072507553,0.0
locomo,recency,phi4-mini:latest,1986,0.037018489959135294,0.00906344410876133,0.0
locomo,recency,qwen3:4b,1986,0.015484754464927319,0.004531722054380665,0.0
longmemeval_m,claimledger,gemma3:4b,500,0.13379873653535615,0.058,0.0
longmemeval_m,claimledger,phi4-mini:latest,500,0.15736271998308657,0.074,0.0
longmemeval_m,claimledger,qwen3:4b,500,0.0864893255078694,0.044,0.0
longmemeval_m,lexical,gemma3:4b,500,0.1287598130452045,0.052,0.0
longmemeval_m,lexical,phi4-mini:latest,500,0.16270920508691203,0.082,0.0
longmemeval_m,lexical,qwen3:4b,500,0.08698693846814932,0.044,0.0
longmemeval_m,recency,gemma3:4b,500,0.08179077719383612,0.028,0.0
longmemeval_m,recency,phi4-mini:latest,500,0.09587783903765994,0.024,0.0
longmemeval_m,recency,qwen3:4b,500,0.022600251263587754,0.0,0.0
longmemeval_oracle,claimledger,gemma3:4b,500,0.3223743992930088,0.204,0.0
longmemeval_oracle,claimledger,phi4-mini:latest,500,0.36124662222492665,0.22,0.0
longmemeval_oracle,claimledger,qwen3:4b,500,0.30064241883974724,0.2,0.0
longmemeval_oracle,lexical,gemma3:4b,500,0.31684567154197635,0.2,0.0
longmemeval_oracle,lexical,phi4-mini:latest,500,0.36421469602627343,0.226,0.0
longmemeval_oracle,lexical,qwen3:4b,500,0.3061569434115443,0.206,0.0
longmemeval_oracle,recency,gemma3:4b,500,0.38207484649625356,0.262,0.0
longmemeval_oracle,recency,phi4-mini:latest,500,0.4078168542214785,0.258,0.0
longmemeval_oracle,recency,qwen3:4b,500,0.3520214562095706,0.25,0.0
longmemeval_s,claimledger,gemma3:4b,500,0.1644963003182783,0.082,0.0
longmemeval_s,claimledger,phi4-mini:latest,500,0.20070265516356026,0.098,0.0
longmemeval_s,claimledger,qwen3:4b,500,0.15142970122118415,0.088,0.0
longmemeval_s,full_context,gemma3:4b,500,0.0925315802439347,0.03,0.0
longmemeval_s,full_context,phi4-mini:latest,500,0.09615770418014288,0.022,0.0
longmemeval_s,full_context,qwen3:4b,500,0.02343791492660461,0.0,0.0
longmemeval_s,lexical,gemma3:4b,500,0.1673321008194427,0.082,0.0
longmemeval_s,lexical,phi4-mini:latest,500,0.20450086664450123,0.1,0.0
longmemeval_s,lexical,qwen3:4b,500,0.15128464116913237,0.088,0.0
longmemeval_s,recency,gemma3:4b,500,0.09316740928495235,0.032,0.0
longmemeval_s,recency,phi4-mini:latest,500,0.10881391010954816,0.038,0.0
longmemeval_s,recency,qwen3:4b,500,0.03926195486501727,0.01,0.0
realtalk,claimledger,gemma3:4b,728,0.09906864743457422,0.019230769230769232,0.0
realtalk,claimledger,phi4-mini:latest,728,0.11878098092355584,0.020604395604395604,0.0
realtalk,claimledger,qwen3:4b,728,0.06698739015552321,0.01098901098901099,0.0
realtalk,full_context,gemma3:4b,728,0.09331340727491765,0.006868131868131868,0.0
realtalk,full_context,phi4-mini:latest,728,0.10571800732290736,0.01098901098901099,0.0
realtalk,full_context,qwen3:4b,728,0.07163906224580263,0.006868131868131868,0.0
realtalk,lexical,gemma3:4b,728,0.10251882254056793,0.020604395604395604,0.0
realtalk,lexical,phi4-mini:latest,728,0.12042276623165382,0.02197802197802198,0.0
realtalk,lexical,qwen3:4b,728,0.06826777740977814,0.01098901098901099,0.0
realtalk,recency,gemma3:4b,728,0.023972899402362934,0.004120879120879121,0.0
realtalk,recency,phi4-mini:latest,728,0.03046763932048878,0.005494505494505495,0.0
realtalk,recency,qwen3:4b,728,0.011260828174838072,0.0,0.0
