model,strategy,successful_cells,failed_cells,expected_cells,attempted_cells,coverage,parse_rate,token_f1,exact_match,retrieved_evidence_all,latency_ms_mean
gemma3:4b,claimledger,100,0,100,100,1.0,1.0,0.08802132814340564,0.03,0.14,9098.98486900005
gemma3:4b,lexical,100,0,100,100,1.0,1.0,0.08949244961452713,0.03,0.14,1395.7193069999812
gemma3:4b,recency,100,0,100,100,1.0,1.0,0.0493846754965214,0.0,0.01,1647.725843999906
phi4-mini:latest,claimledger,100,0,100,100,1.0,1.0,0.10080190237268277,0.03,0.14,6596.024052000084
phi4-mini:latest,lexical,100,0,100,100,1.0,1.0,0.10098646631683751,0.03,0.14,739.6452320000935
phi4-mini:latest,recency,100,0,100,100,1.0,1.0,0.039855737956424456,0.0,0.01,919.567678000094
qwen3:4b,claimledger,100,0,100,100,1.0,1.0,0.06985608629416679,0.03,0.14,6286.77750699997
qwen3:4b,lexical,100,0,100,100,1.0,1.0,0.0753552652761044,0.03,0.14,731.7752610000389
qwen3:4b,recency,100,0,100,100,1.0,1.0,0.025901447427763218,0.0,0.01,918.6584349999794
