dataset,evidence_recall_all,evidence_recall_any,mean_context_chars,mean_source_chunk_count,n,selection_latency_ms_mean,strategy,task_type
locomo,0.02127659574468085,0.19858156028368795,842.4822695035461,594.7269503546099,282,8.034719858329508,claimledger,1
locomo,0.3052959501557632,0.3613707165109034,875.6448598130842,588.9065420560747,321,7.990485358223677,claimledger,2
locomo,0.0625,0.13541666666666666,900.8958333333334,607.03125,96,8.3068624999972,claimledger,3
locomo,0.3590963139120095,0.3769322235434007,934.5469678953626,607.7657550535077,841,8.502295362556438,claimledger,4
locomo,0.27802690582959644,0.289237668161435,956.6614349775784,600.8565022421525,446,8.439828699610365,claimledger,5
locomo,0.02127659574468085,0.19858156028368795,842.4822695035461,594.7269503546099,282,7.436055319260101,lexical,1
locomo,0.3052959501557632,0.3613707165109034,875.6448598130842,588.9065420560747,321,7.452901557567159,lexical,2
locomo,0.0625,0.13541666666666666,900.8958333333334,607.03125,96,7.704215624850501,lexical,3
locomo,0.3590963139120095,0.3769322235434007,934.5469678953626,607.7657550535077,841,7.933315101070161,lexical,4
locomo,0.27802690582959644,0.289237668161435,956.6614349775784,600.8565022421525,446,7.890869955063851,lexical,5
locomo,0.9893617021276596,1.0,564.1666666666666,594.7269503546099,282,0.028424468076191776,oracle,1
locomo,0.9968847352024922,0.9968847352024922,213.7570093457944,588.9065420560747,321,0.025686604452988197,oracle,2
locomo,0.9270833333333334,0.9270833333333334,376.6666666666667,607.03125,96,0.026607291677767837,oracle,3
locomo,0.9988109393579072,1.0,188.18430439952436,607.7657550535077,841,0.025173840676719492,oracle,4
locomo,1.0,1.0,189.457399103139,600.8565022421525,446,0.024627354290339503,oracle,5
locomo,0.0,0.031914893617021274,1133.8687943262412,594.7269503546099,282,0.12440496442302011,recency,1
locomo,0.012461059190031152,0.012461059190031152,1094.423676012461,588.9065420560747,321,0.12610778832250358,recency,2
locomo,0.010416666666666666,0.03125,1116.4583333333333,607.03125,96,0.12161458357695665,recency,3
locomo,0.007134363852556481,0.007134363852556481,1066.395957193817,607.7657550535077,841,0.13045338883102617,recency,4
locomo,0.011210762331838564,0.011210762331838564,1091.9910313901346,600.8565022421525,446,0.12614260078668846,recency,5
longmemeval_m,0.01282051282051282,0.24358974358974358,18239.24358974359,475.2307692307692,78,168.84912820517994,claimledger,knowledge-update
longmemeval_m,0.007518796992481203,0.18045112781954886,17991.714285714286,476.2781954887218,133,171.91337744353726,claimledger,multi-session
longmemeval_m,0.5178571428571429,0.5178571428571429,18662.76785714286,476.44642857142856,56,169.82737500023046,claimledger,single-session-assistant
longmemeval_m,0.03333333333333333,0.03333333333333333,18251.533333333333,473.93333333333334,30,166.19449333302327,claimledger,single-session-preference
longmemeval_m,0.15714285714285714,0.15714285714285714,18040.514285714286,474.45714285714286,70,165.68468000030927,claimledger,single-session-user
longmemeval_m,0.007518796992481203,0.05263157894736842,18151.285714285714,474.6691729323308,133,166.75267894710746,claimledger,temporal-reasoning
longmemeval_m,0.01282051282051282,0.24358974358974358,18239.24358974359,475.2307692307692,78,168.1986025644456,lexical,knowledge-update
longmemeval_m,0.007518796992481203,0.18045112781954886,17991.714285714286,476.2781954887218,133,171.03218571424065,lexical,multi-session
longmemeval_m,0.5178571428571429,0.5178571428571429,18662.76785714286,476.44642857142856,56,167.64169285683496,lexical,single-session-assistant
longmemeval_m,0.03333333333333333,0.03333333333333333,18251.533333333333,473.93333333333334,30,166.2693299993407,lexical,single-session-preference
longmemeval_m,0.15714285714285714,0.15714285714285714,18040.514285714286,474.45714285714286,70,163.98627857083088,lexical,single-session-user
longmemeval_m,0.007518796992481203,0.05263157894736842,18151.285714285714,474.6691729323308,133,164.8034270675227,lexical,temporal-reasoning
longmemeval_m,1.0,1.0,27880.5641025641,475.2307692307692,78,0.032919231158209585,oracle,knowledge-update
longmemeval_m,1.0,1.0,37208.99248120301,476.2781954887218,133,0.033603759521453926,oracle,multi-session
longmemeval_m,1.0,1.0,5452.410714285715,476.44642857142856,56,0.030330356951578454,oracle,single-session-assistant
longmemeval_m,1.0,1.0,18257.833333333332,473.93333333333334,30,0.028413334318126243,oracle,single-session-preference
longmemeval_m,1.0,1.0,14356.314285714287,474.45714285714286,70,0.029162856454994262,oracle,single-session-user
longmemeval_m,1.0,1.0,32588.406015037595,474.6691729323308,133,0.033716541459815424,oracle,temporal-reasoning
longmemeval_m,0.0,0.0,18360.089743589742,475.2307692307692,78,0.11527051276807936,recency,knowledge-update
longmemeval_m,0.0,0.007518796992481203,17369.93984962406,476.2781954887218,133,0.07748571445524721,recency,multi-session
longmemeval_m,0.0,0.0,17206.214285714286,476.44642857142856,56,0.06076964252445448,recency,single-session-assistant
longmemeval_m,0.0,0.0,17256.466666666667,473.93333333333334,30,0.06680666653361793,recency,single-session-preference
longmemeval_m,0.0,0.0,17709.614285714284,474.45714285714286,70,0.062397143171568005,recency,single-session-user
longmemeval_m,0.0,0.007518796992481203,16997.30827067669,474.6691729323308,133,0.13847744346839636,recency,temporal-reasoning
longmemeval_oracle,0.19230769230769232,1.0,15969.28205128205,2.0,78,1.3816256410231849,claimledger,knowledge-update
longmemeval_oracle,0.13533834586466165,1.0,16152.0,2.5864661654135337,133,1.6987999998881216,claimledger,multi-session
longmemeval_oracle,1.0,1.0,5452.410714285715,1.0,56,0.4804821431077601,claimledger,single-session-assistant
longmemeval_oracle,1.0,1.0,18257.833333333332,1.0,30,1.0661833335082822,claimledger,single-session-preference
longmemeval_oracle,1.0,1.0,14356.314285714287,1.0,70,0.8110585713958633,claimledger,single-session-user
longmemeval_oracle,0.19548872180451127,1.0,15691.436090225563,2.1954887218045114,133,1.4810902255266043,claimledger,temporal-reasoning
longmemeval_oracle,0.19230769230769232,1.0,15969.28205128205,2.0,78,0.9876974359847223,lexical,knowledge-update
longmemeval_oracle,0.13533834586466165,1.0,16152.0,2.5864661654135337,133,1.277811278210939,lexical,multi-session
longmemeval_oracle,1.0,1.0,5452.410714285715,1.0,56,0.20608392852799234,lexical,single-session-assistant
longmemeval_oracle,1.0,1.0,18257.833333333332,1.0,30,0.6440000002233622,lexical,single-session-preference
longmemeval_oracle,1.0,1.0,14356.314285714287,1.0,70,0.5095871427329257,lexical,single-session-user
longmemeval_oracle,0.19548872180451127,1.0,15691.436090225563,2.1954887218045114,133,1.1286353384415073,lexical,temporal-reasoning
longmemeval_oracle,1.0,1.0,27880.5641025641,2.0,78,0.002243589477028507,oracle,knowledge-update
longmemeval_oracle,1.0,1.0,37208.99248120301,2.5864661654135337,133,0.0024413533182289534,oracle,multi-session
longmemeval_oracle,1.0,1.0,5452.410714285715,1.0,56,0.0018446430008875073,oracle,single-session-assistant
longmemeval_oracle,1.0,1.0,18257.833333333332,1.0,30,0.0017233336014517893,oracle,single-session-preference
longmemeval_oracle,1.0,1.0,14356.314285714287,1.0,70,0.0017971431329247675,oracle,single-session-user
longmemeval_oracle,1.0,1.0,32588.406015037595,2.1954887218045114,133,0.002388722268528396,oracle,temporal-reasoning
longmemeval_oracle,0.19230769230769232,1.0,15878.0,2.0,78,0.0029371792781883134,recency,knowledge-update
longmemeval_oracle,0.13533834586466165,1.0,16267.721804511279,2.5864661654135337,133,0.003646616681734506,recency,multi-session
longmemeval_oracle,1.0,1.0,5452.410714285715,1.0,56,0.001819642550669544,recency,single-session-assistant
longmemeval_oracle,1.0,1.0,18257.833333333332,1.0,30,0.0022233337707196674,recency,single-session-preference
longmemeval_oracle,1.0,1.0,14356.314285714287,1.0,70,0.002001428635724421,recency,single-session-user
longmemeval_oracle,0.19548872180451127,1.0,15528.21052631579,2.1954887218045114,133,0.0031255637479357815,recency,temporal-reasoning
longmemeval_s,0.0641025641025641,0.5512820512820513,17116.115384615383,47.51282051282051,78,17.20014102493923,claimledger,knowledge-update
longmemeval_s,0.03759398496240601,0.3157894736842105,17285.69172932331,47.18045112781955,133,17.60597368444078,claimledger,multi-session
longmemeval_s,0.8214285714285714,0.8214285714285714,18745.51785714286,48.69642857142857,56,18.12871964284568,claimledger,single-session-assistant
longmemeval_s,0.06666666666666667,0.06666666666666667,18370.566666666666,47.56666666666667,30,17.16766666674327,claimledger,single-session-preference
longmemeval_s,0.32857142857142857,0.32857142857142857,18215.628571428573,48.857142857142854,70,17.455577142910833,claimledger,single-session-user
longmemeval_s,0.03007518796992481,0.23308270676691728,17612.75939849624,47.45864661654135,133,17.543125563772495,claimledger,temporal-reasoning
longmemeval_s,0.0641025641025641,0.5512820512820513,17116.115384615383,47.51282051282051,78,16.877039743867964,lexical,knowledge-update
longmemeval_s,0.03759398496240601,0.3157894736842105,17285.69172932331,47.18045112781955,133,17.276849623951584,lexical,multi-session
longmemeval_s,0.8214285714285714,0.8214285714285714,18745.51785714286,48.69642857142857,56,17.37707678629314,lexical,single-session-assistant
longmemeval_s,0.06666666666666667,0.06666666666666667,18370.566666666666,47.56666666666667,30,16.503966666156582,lexical,single-session-preference
longmemeval_s,0.32857142857142857,0.32857142857142857,18215.628571428573,48.857142857142854,70,17.248370000223595,lexical,single-session-user
longmemeval_s,0.03007518796992481,0.23308270676691728,17612.75939849624,47.45864661654135,133,17.037379699118027,lexical,temporal-reasoning
longmemeval_s,1.0,1.0,27880.5641025641,47.51282051282051,78,0.006101282708233413,oracle,knowledge-update
longmemeval_s,1.0,1.0,37208.99248120301,47.18045112781955,133,0.006428571416614787,oracle,multi-session
longmemeval_s,1.0,1.0,5452.410714285715,48.69642857142857,56,0.0055821430058650935,oracle,single-session-assistant
longmemeval_s,1.0,1.0,18257.833333333332,47.56666666666667,30,0.0054733335370353116,oracle,single-session-preference
longmemeval_s,1.0,1.0,14356.314285714287,48.857142857142854,70,0.005612856538001714,oracle,single-session-user
longmemeval_s,1.0,1.0,32588.406015037595,47.45864661654135,133,0.0062699248503081334,oracle,temporal-reasoning
longmemeval_s,0.0,0.08974358974358974,18168.71794871795,47.51282051282051,78,0.014633332634380517,recency,knowledge-update
longmemeval_s,0.0,0.05263157894736842,16431.120300751878,47.18045112781955,133,0.011106767132353122,recency,multi-session
longmemeval_s,0.03571428571428571,0.03571428571428571,17288.053571428572,48.69642857142857,56,0.010726786058512516,recency,single-session-assistant
longmemeval_s,0.1,0.1,17983.033333333333,47.56666666666667,30,0.010059999476652592,recency,single-session-preference
longmemeval_s,0.05714285714285714,0.05714285714285714,17893.442857142858,48.857142857142854,70,0.012947142801879506,recency,single-session-user
longmemeval_s,0.015037593984962405,0.06015037593984962,17215.992481203008,47.45864661654135,133,0.01567443612835167,recency,temporal-reasoning
realtalk,0.009966777408637873,0.18604651162790697,610.2425249169435,896.5714285714286,301,10.6212614617143,claimledger,1
realtalk,0.45768025078369906,0.5109717868338558,890.0940438871473,885.7398119122257,319,11.023059874679236,claimledger,2
realtalk,0.05555555555555555,0.18518518518518517,814.2870370370371,907.6666666666666,108,11.014922222346756,claimledger,3
realtalk,0.009966777408637873,0.18604651162790697,610.2425249169435,896.5714285714286,301,10.095429236000285,lexical,1
realtalk,0.45768025078369906,0.5109717868338558,890.0940438871473,885.7398119122257,319,10.432152978177795,lexical,2
realtalk,0.05555555555555555,0.18518518518518517,814.2870370370371,907.6666666666666,108,10.506656481690394,lexical,3
realtalk,0.8504983388704319,0.9501661129568106,613.1162790697674,896.5714285714286,301,0.04517840522908423,oracle,1
realtalk,0.9529780564263323,0.9780564263322884,191.7868338557994,885.7398119122257,319,0.03887554873321147,oracle,2
realtalk,0.9074074074074074,0.9722222222222222,514.3611111111111,907.6666666666666,108,0.04301944500184618,oracle,3
realtalk,0.0,0.016611295681063124,1130.7940199335549,896.5714285714286,301,0.09397209306368202,recency,1
realtalk,0.0,0.0,1113.6896551724137,885.7398119122257,319,0.09118119111196299,recency,2
realtalk,0.009259259259259259,0.037037037037037035,1111.5648148148148,907.6666666666666,108,0.09731296274737732,recency,3
locomo,0.26988922457200404,0.31772406847935547,915.2935548841893,601.2789526686807,1986,8.329702719020464,claimledger,
locomo,0.26988922457200404,0.31772406847935547,915.2935548841893,601.2789526686807,1986,7.764451007026453,lexical,
locomo,0.9939577039274925,0.9959718026183283,255.1017119838872,601.2789526686807,1986,0.025664854003309926,oracle,
locomo,0.008056394763343404,0.013595166163141994,1088.67472306143,601.2789526686807,1986,0.12749682779454138,recency,
longmemeval_m,0.088,0.182,18170.354,475.31,500,168.61382579997007,claimledger,
longmemeval_m,0.088,0.182,18170.354,475.31,500,167.28136339984485,lexical,
longmemeval_m,1.0,1.0,26631.5,475.31,500,0.0322272000630619,oracle,
longmemeval_m,0.0,0.004,17447.692,475.31,500,0.09497859999828506,recency,
longmemeval_oracle,0.43,1.0,14677.586,1.896,500,1.2927175999939209,claimledger,
longmemeval_oracle,0.43,1.0,14677.586,1.896,500,0.9272592000343138,lexical,
longmemeval_oracle,1.0,1.0,26631.5,1.896,500,0.0021964001352898777,oracle,
longmemeval_oracle,0.43,1.0,14650.71,1.896,500,0.0028769999626092613,recency,
longmemeval_s,0.17,0.374,17705.022,47.734,500,17.53713979992608,claimledger,
longmemeval_s,0.17,0.374,17705.022,47.734,500,17.11164560004545,lexical,
longmemeval_s,1.0,1.0,26631.5,47.734,500,0.0060690000536851585,oracle,
longmemeval_s,0.022,0.062,17304.778,47.734,500,0.013024199957726523,recency,
realtalk,0.2129120879120879,0.3282967032967033,763.1401098901099,893.4711538461538,728,10.855724450566113,claimledger,
realtalk,0.2129120879120879,0.3282967032967033,763.1401098901099,893.4711538461538,728,10.303983379254623,lexical,
realtalk,0.9038461538461539,0.9656593406593407,413.8447802197802,893.4711538461538,728,0.04209629131874753,oracle,
realtalk,0.0013736263736263737,0.012362637362637362,1120.4464285714287,893.4711538461538,728,0.09324478015604565,recency,
